file,label
uchua_2383.jpg,0
uchua_2397.jpg,0
uchua_2396.jpg,0
uchua_2382.jpg,0
uchua_2394.jpg,0
uchua_2009.jpg,0
uchua_2008.jpg,0
uchua_2395.jpg,0
uchua_2391.jpg,0
uchua_2385.jpg,0
uchua_2408.jpg,0
uchua_2409.jpg,0
uchua_2384.jpg,0
uchua_2390.jpg,0
uchua_2386.jpg,0
uchua_2392.jpg,0
uchua_2393.jpg,0
uchua_2387.jpg,0
uchua_2121.jpg,0
uchua_2109.jpg,0
uchua_2445.jpg,0
uchua_2451.jpg,0
uchua_2294.jpg,0
uchua_1979.jpg,0
uchua_1986.jpg,0
uchua_1992.jpg,0
uchua_1993.jpg,0
uchua_1987.jpg,0
uchua_1978.jpg,0
uchua_2295.jpg,0
uchua_2450.jpg,0
uchua_2444.jpg,0
uchua_2120.jpg,0
uchua_2122.jpg,0
uchua_2452.jpg,0
uchua_2446.jpg,0
uchua_2297.jpg,0
uchua_1991.jpg,0
uchua_1985.jpg,0
uchua_1984.jpg,0
uchua_1990.jpg,0
uchua_2296.jpg,0
uchua_2447.jpg,0
uchua_2453.jpg,0
uchua_2123.jpg,0
uchua_2457.jpg,0
uchua_2443.jpg,0
uchua_2292.jpg,0
uchua_1994.jpg,0
uchua_1980.jpg,0
uchua_1981.jpg,0
uchua_1995.jpg,0
uchua_2293.jpg,0
uchua_2442.jpg,0
uchua_2456.jpg,0
uchua_2118.jpg,0
uchua_2124.jpg,0
uchua_2454.jpg,0
uchua_1983.jpg,0
uchua_1997.jpg,0
uchua_1996.jpg,0
uchua_1982.jpg,0
uchua_2455.jpg,0
uchua_2441.jpg,0
uchua_2125.jpg,0
uchua_2119.jpg,0
uchua_2114.jpg,0
uchua_2262.jpg,0
uchua_2263.jpg,0
uchua_1971.jpg,0
uchua_2115.jpg,0
uchua_2117.jpg,0
uchua_1973.jpg,0
uchua_2261.jpg,0
uchua_1998.jpg,0
uchua_1999.jpg,0
uchua_2260.jpg,0
uchua_1972.jpg,0
uchua_2116.jpg,0
uchua_2112.jpg,0
uchua_1976.jpg,0
uchua_1989.jpg,0
uchua_2264.jpg,0
uchua_2259.jpg,0
uchua_1988.jpg,0
uchua_1977.jpg,0
uchua_2113.jpg,0
uchua_2449.jpg,0
uchua_2298.jpg,0
uchua_1975.jpg,0
uchua_1974.jpg,0
uchua_2299.jpg,0
uchua_2448.jpg,0
uchua_2110.jpg,0
uchua_2407.jpg,0
uchua_2003.jpg,0
uchua_2002.jpg,0
uchua_2406.jpg,0
uchua_2389.jpg,0
uchua_2410.jpg,0
uchua_2404.jpg,0
uchua_2001.jpg,0
uchua_2405.jpg,0
uchua_2388.jpg,0
uchua_2398.jpg,0
uchua_2401.jpg,0
uchua_2005.jpg,0
uchua_2011.jpg,0
uchua_2010.jpg,0
uchua_2004.jpg,0
uchua_2400.jpg,0
uchua_2399.jpg,0
uchua_2402.jpg,0
uchua_2006.jpg,0
uchua_2007.jpg,0
uchua_2403.jpg,0
mora_2083.jpg,1
mora_2068.jpg,1
mora_2134.jpg,1
mora_2135.jpg,1
mora_2069.jpg,1
mora_2082.jpg,1
mora_2080.jpg,1
mora_2137.jpg,1
mora_2309.jpg,1
mora_2308.jpg,1
mora_2136.jpg,1
mora_2081.jpg,1
mora_2085.jpg,1
mora_2126.jpg,1
mora_2132.jpg,1
mora_2318.jpg,1
mora_2127.jpg,1
mora_2084.jpg,1
mora_2086.jpg,1
mora_2079.jpg,1
mora_2131.jpg,1
mora_2130.jpg,1
mora_2078.jpg,1
mora_2143.jpg,1
mora_2369.jpg,1
mora_2427.jpg,1
mora_2426.jpg,1
mora_2432.jpg,1
mora_2368.jpg,1
mora_2142.jpg,1
mora_2140.jpg,1
mora_2381.jpg,1
mora_2418.jpg,1
mora_2424.jpg,1
mora_2430.jpg,1
mora_2431.jpg,1
mora_2425.jpg,1
mora_2419.jpg,1
mora_2380.jpg,1
mora_2141.jpg,1
mora_2145.jpg,1
mora_2421.jpg,1
mora_2420.jpg,1
mora_2144.jpg,1
mora_2146.jpg,1
mora_2422.jpg,1
mora_2378.jpg,1
mora_2379.jpg,1
mora_2423.jpg,1
mora_2437.jpg,1
mora_2147.jpg,1
mora_2412.jpg,1
mora_2374.jpg,1
mora_2361.jpg,1
mora_2375.jpg,1
mora_2439.jpg,1
mora_2363.jpg,1
mora_2377.jpg,1
mora_2411.jpg,1
mora_2376.jpg,1
mora_2362.jpg,1
mora_2366.jpg,1
mora_2414.jpg,1
mora_2372.jpg,1
mora_2428.jpg,1
mora_2429.jpg,1
mora_2415.jpg,1
mora_2373.jpg,1
mora_2367.jpg,1
mora_2371.jpg,1
mora_2417.jpg,1
mora_2365.jpg,1
mora_2364.jpg,1
mora_2370.jpg,1
mora_2416.jpg,1
mora_2061.jpg,1
mora_2075.jpg,1
mora_2129.jpg,1
mora_2317.jpg,1
mora_2303.jpg,1
mora_2302.jpg,1
mora_2316.jpg,1
mora_2074.jpg,1
mora_2060.jpg,1
mora_2076.jpg,1
mora_2062.jpg,1
mora_2300.jpg,1
mora_2314.jpg,1
mora_2315.jpg,1
mora_2301.jpg,1
mora_2063.jpg,1
mora_2077.jpg,1
mora_2073.jpg,1
mora_2067.jpg,1
mora_2305.jpg,1
mora_2311.jpg,1
mora_2310.jpg,1
mora_2304.jpg,1
mora_2066.jpg,1
mora_2072.jpg,1
mora_2064.jpg,1
mora_2070.jpg,1
mora_2058.jpg,1
mora_2138.jpg,1
mora_2312.jpg,1
mora_2306.jpg,1
mora_2307.jpg,1
mora_2313.jpg,1
mora_2139.jpg,1
mora_2059.jpg,1
mora_2071.jpg,1
mora_2065.jpg,1
